{
    "name": "root",
    "metadata": {
        "timer_format_version": "0.1.0",
        "start_time_seconds": "1667824107",
        "python_version": "3.6.13 |Anaconda, Inc.| (default, Feb 23 2021, 12:58:59) \n[GCC Clang 10.0.0 ]",
        "command_line_arguments": "/Users/adrienschockaert/opt/anaconda3/envs/ml_unity_env/bin/mlagents-learn --run-id=Test2",
        "mlagents_version": "0.28.0",
        "mlagents_envs_version": "0.28.0",
        "communication_protocol_version": "1.5.0",
        "pytorch_version": "1.7.1",
        "numpy_version": "1.19.5",
        "end_time_seconds": "1667824223"
    },
    "total": 116.16530637999676,
    "count": 1,
    "self": 0.007132092003303114,
    "children": {
        "run_training.setup": {
            "total": 0.013181571994209662,
            "count": 1,
            "self": 0.013181571994209662
        },
        "TrainerController.start_learning": {
            "total": 116.14499271599925,
            "count": 1,
            "self": 0.29379430097469594,
            "children": {
                "TrainerController._reset_env": {
                    "total": 13.192411552998237,
                    "count": 1,
                    "self": 13.192411552998237
                },
                "TrainerController.advance": {
                    "total": 102.58809053203004,
                    "count": 14767,
                    "self": 0.2902904685615795,
                    "children": {
                        "env_step": {
                            "total": 98.90490274834156,
                            "count": 14767,
                            "self": 88.7033879384544,
                            "children": {
                                "SubprocessEnvManager._take_step": {
                                    "total": 10.020700660723378,
                                    "count": 14767,
                                    "self": 0.7946656402637018,
                                    "children": {
                                        "TorchPolicy.evaluate": {
                                            "total": 9.226035020459676,
                                            "count": 14767,
                                            "self": 1.9954356600064784,
                                            "children": {
                                                "TorchPolicy.sample_actions": {
                                                    "total": 7.230599360453198,
                                                    "count": 14767,
                                                    "self": 7.230599360453198
                                                }
                                            }
                                        }
                                    }
                                },
                                "workers": {
                                    "total": 0.1808141491637798,
                                    "count": 14766,
                                    "self": 0.0,
                                    "children": {
                                        "worker_root": {
                                            "total": 106.21490084454854,
                                            "count": 14766,
                                            "is_parallel": true,
                                            "self": 39.05839769308659,
                                            "children": {
                                                "run_training.setup": {
                                                    "total": 0.0,
                                                    "count": 0,
                                                    "is_parallel": true,
                                                    "self": 0.0,
                                                    "children": {
                                                        "steps_from_proto": {
                                                            "total": 0.0008342680011992343,
                                                            "count": 1,
                                                            "is_parallel": true,
                                                            "self": 0.00025224400451406837,
                                                            "children": {
                                                                "_process_rank_one_or_two_observation": {
                                                                    "total": 0.0005820239966851659,
                                                                    "count": 2,
                                                                    "is_parallel": true,
                                                                    "self": 0.0005820239966851659
                                                                }
                                                            }
                                                        },
                                                        "UnityEnvironment.step": {
                                                            "total": 0.017730318002577405,
                                                            "count": 1,
                                                            "is_parallel": true,
                                                            "self": 0.00011024899140466005,
                                                            "children": {
                                                                "UnityEnvironment._generate_step_input": {
                                                                    "total": 0.00013557300553657115,
                                                                    "count": 1,
                                                                    "is_parallel": true,
                                                                    "self": 0.00013557300553657115
                                                                },
                                                                "communicator.exchange": {
                                                                    "total": 0.017234140002983622,
                                                                    "count": 1,
                                                                    "is_parallel": true,
                                                                    "self": 0.017234140002983622
                                                                },
                                                                "steps_from_proto": {
                                                                    "total": 0.000250356002652552,
                                                                    "count": 1,
                                                                    "is_parallel": true,
                                                                    "self": 0.00013514100282918662,
                                                                    "children": {
                                                                        "_process_rank_one_or_two_observation": {
                                                                            "total": 0.00011521499982336536,
                                                                            "count": 2,
                                                                            "is_parallel": true,