{
    "name": "root",
    "gauges": {
        "MoveToGoal.Policy.Entropy.mean": {
            "value": 1.4130287170410156,
            "min": 1.4130287170410156,
            "max": 1.4130287170410156,
            "count": 1
        },
        "MoveToGoal.Policy.Entropy.sum": {
            "value": 70821.0,
            "min": 70821.0,
            "max": 70821.0,
            "count": 1
        },
        "MoveToGoal.Step.mean": {
            "value": 49972.0,
            "min": 49972.0,
            "max": 49972.0,
            "count": 1
        },
        "MoveToGoal.Step.sum": {
            "value": 49972.0,
            "min": 49972.0,
            "max": 49972.0,
            "count": 1
        },
        "MoveToGoal.Policy.ExtrinsicValueEstimate.mean": {
            "value": -0.16616767644882202,
            "min": -0.16616767644882202,
            "max": -0.16616767644882202,
            "count": 1
        },
        "MoveToGoal.Policy.ExtrinsicValueEstimate.sum": {
            "value": -187.4371337890625,
            "min": -187.4371337890625,
            "max": -187.4371337890625,
            "count": 1
        },
        "MoveToGoal.Environment.EpisodeLength.mean": {
            "value": 66.30551816958277,
            "min": 66.30551816958277,
            "max": 66.30551816958277,
            "count": 1
        },
        "MoveToGoal.Environment.EpisodeLength.sum": {
            "value": 49265.0,
            "min": 49265.0,
            "max": 49265.0,
            "count": 1
        },
        "MoveToGoal.Environment.CumulativeReward.mean": {
            "value": 0.9097035040431267,
            "min": 0.9097035040431267,
            "max": 0.9097035040431267,
            "count": 1
        },
        "MoveToGoal.Environment.CumulativeReward.sum": {
            "value": 675.0,
            "min": 675.0,
            "max": 675.0,
            "count": 1
        },
        "MoveToGoal.Policy.ExtrinsicReward.mean": {
            "value": 0.9097035040431267,
            "min": 0.9097035040431267,
            "max": 0.9097035040431267,
            "count": 1
        },
        "MoveToGoal.Policy.ExtrinsicReward.sum": {
            "value": 675.0,
            "min": 675.0,
            "max": 675.0,
            "count": 1
        },
        "MoveToGoal.Losses.PolicyLoss.mean": {
            "value": 0.02460613436899924,
            "min": 0.02460613436899924,
            "max": 0.02460613436899924,
            "count": 1
        },
        "MoveToGoal.Losses.PolicyLoss.sum": {
            "value": 0.09842453747599696,
            "min": 0.09842453747599696,
            "max": 0.09842453747599696,
            "count": 1
        },
        "MoveToGoal.Losses.ValueLoss.mean": {
            "value": 0.05157607599782447,
            "min": 0.05157607599782447,
            "max": 0.05157607599782447,
            "count": 1
        },
        "MoveToGoal.Losses.ValueLoss.sum": {
            "value": 0.20630430399129787,
            "min": 0.20630430399129787,
            "max": 0.20630430399129787,
            "count": 1
        },
        "MoveToGoal.Policy.LearningRate.mean": {
            "value": 0.00028459275513575,
            "min": 0.00028459275513575,
            "max": 0.00028459275513575,
            "count": 1
        },
        "MoveToGoal.Policy.LearningRate.sum": {
            "value": 0.001138371020543,
            "min": 0.001138371020543,
            "max": 0.001138371020543,
            "count": 1
        },
        "MoveToGoal.Policy.Epsilon.mean": {
            "value": 0.19486425000000002,
            "min": 0.19486425000000002,
            "max": 0.19486425000000002,
            "count": 1
        },
        "MoveToGoal.Policy.Epsilon.sum": {
            "value": 0.7794570000000001,
            "min": 0.7794570000000001,
            "max": 0.7794570000000001,
            "count": 1
        },
        "MoveToGoal.Policy.Beta.mean": {
            "value": 0.0047437260749999995,
            "min": 0.0047437260749999995,
            "max": 0.0047437260749999995,
            "count": 1
        },
        "MoveToGoal.Policy.Beta.sum": {
            "value": 0.018974904299999998,
            "min": 0.018974904299999998,
            "max": 0.018974904299999998,
            "count": 1
        },
        "MoveToGoal.IsTraining.mean": {
            "value": 1.0,
            "min": 1.0,
            "max": 1.0,
            "count": 1
        },
        "MoveToGoal.IsTraining.sum": {
            "value": 1.0,
            "min": 1.0,
            "max": 1.0,
            "count": 1
        }
    },
    "metadata": {
        "timer_format_version": "0.1.0",
        "start_time_seconds": "1667827854",
        "python_version": "3.6.13 |Anaconda, Inc.| (default, Feb 23 2021, 12:58:59) \n[GCC Clang 10.0.0 ]",
        "command_line_arguments": "/Users/adrienschockaert/opt/anaconda3/envs/ml_unity_env/bin/mlagents-learn --run-id=Test5",
        "mlagents_version": "0.28.0",
        "mlagents_envs_version": "0.28.0",
        "communication_protocol_version": "1.5.0",
        "pytorch_version": "1.7.1",
        "numpy_version": "1.19.5",
        "end_time_seconds": "1667827969"
    },
    "total": 114.65247451399773,
    "count": 1,
    "self": 0.007046335005725268,
    "children": {
        "run_training.setup": {
            "total": 0.013393247994827107,
            "count": 1,
            "self": 0.013393247994827107
        },
        "TrainerController.start_learning": {
            "total": 114.63203493099718,
            "count": 1,
            "self": 0.18191008363646688,
            "children": {
                "TrainerController._reset_env": {
                    "total": 10.266406953000114,
                    "count": 1,
                    "self": 10.266406953000114
                },
                "TrainerController.advance": {
                    "total": 104.11261524236761,
                    "count": 8537,
                    "self": 0.17814792064018548,
                    "children": {
                        "env_step": {
                            "total": 89.68685872080823,
                            "count": 8537,
                            "self": 84.29793162558053,
                            "children": {
                                "SubprocessEnvManager._take_step": {
                                    "total": 5.28511302897823,
                                    "count": 8537,
                                    "self": 0.44152207831211854,
                                    "children": {
                                        "TorchPolicy.evaluate": {
                                            "total": 4.843590950666112,
                                            "count": 7687,
                                            "self": 1.0024292875095853,
                                            "children": {
                                                "TorchPolicy.sample_actions": {
                                                    "total": 3.8411616631565266,
                                                    "count": 7687,
                                                    "self": 3.8411616631565266
                                                }
                                            }
                                        }
                                    }
                                },
                                "workers": {
                                    "total": 0.10381406624946976,
                                    "count": 8536,
                                    "self": 0.0,
                                    "children": {
                                        "worker_root": {
                                            "total": 75.53900480200537,
                                            "count": 8536,
                                            "is_parallel": true,
                                            "self": 38.75303175189765,